CODE,HOLIDAY
1,Adults Day
2,Adults Day Observed
3,All Saints Day
4,All Souls Day
5,All Souls Day Observed
6,Anzac Day
7,Anzac Day Observed
8,Armistice Day
9,Ascension Day
10,Assumption Day
11,Assumption Day Observed
12,August Bank Holiday
13,Australia Day
14,Australia Day Observed
15,Autumnal Equinox Day
16,Autumnal Equinox Day Observed
17,Bank Holiday
18,Bastille Day
19,Berchtoldstag
20,Boxing Day
21,Boxing Day Observed
22,Bridging Day
23,Canada Day
24,Canada Day Observed
25,Carnival Monday
26,Children's Day
27,Children's Day Observed
28,Chinese National Day
29,Chinese National Day Observed
30,Chinese New Year
31,Chinese New Year Observed
32,Ching Ming Festival
33,Ching Ming Festival Observed
34,Christmas Day
35,Christmas Day Observed
36,Christmas Eve
37,Christmas Holiday
38,Chung Yeung Festival
39,Chung Yeung Festival Observed
40,Civic Holiday
41,Columbus Day
42,Constitution Day
43,Constitution Memorial Day
44,Constitution Memorial Day Observed
45,Corpus Christi
46,Culture Day
47,Culture Day Observed
48,Day following Mid-Autumn Festival
49,Day of Prayer and Repentance
50,Day of Unity
51,Deepavali
52,Deepavali Observed
53,Easter Monday
54,Emperor's Birthday
55,Emperor's Birthday Observed
56,Epiphany
57,Exchange Holiday
58,First Weekday in January
59,Good Friday
60,Greenery Day
61,Greenery Day Observed
62,Hari Raya Haji
63,Hari Raya Haji Observed
64,Hari Raya Puasa
65,Hari Raya Puasa Observed
66,Holy Saturday
67,Holy Thursday
68,Immaculate Conception
69,Independence Day
70,Independence Day Observed
71,Knabenschiessen
72,Labor Day
73,Labour Day
74,Labour Day Observed
75,Labour Thanksgiving Day
76,Labour Thanksgiving Day Observed
77,Last Weekday of the Year
78,Liberation Day
79,Lunar New Year's Day
80,Lunar New Year's Day Observed
81,Lunar New Year's Eve
82,Madrid Day
83,Martin Luther King's Birthday
84,Maundy Thursday
85,May Day
86,May Day Observed
87,Memorial Day
88,Mid-Autumn Festival
89,Midsummer's Eve
90,National Foundation Day
91,National Foundation Day Observed
92,National Holiday
93,National Holiday Observed
94,New Year's Day
95,New Year's Day Observed
96,New Year's Eve
97,Our Lady of Almudena
98,Possible Replacement Holiday
99,Queen's Birthday
100,Queen's Birthday Observed
101,Remembrance Day
102,Remembrance Day Observed
103,Respect for the Aged Day
104,Respect for the Aged Day Observed
105,San Isidro
106,Saturday before the last Monday in August
107,Schobermess Monday
108,Sechselauten
109,Second Day of Chinese New Year
110,Second Day of Chinese New Year Observed
111,Second Day of Lunar New Year
112,Second Day of Lunar New Year Observed
113,Sports Day
114,Sports Day Observed
115,Spring Bank Holiday
116,St. James' Day
117,St. Joseph's Day
118,St. Stephen's Day
119,St. Stephen's Day Observed
120,Thanksgiving Day
121,Third Day of Lunar New Year
122,Tuen Ng Festival
123,Tuen Ng Festival Observed
124,Twelfth Day
125,Vernal Equinox Day
126,Vernal Equinox Day Observed
127,Vesak Day
128,Vesak Day Observed
129,Veterans Day
130,Veterans Day Observed
131,Victoria Day
132,Victory Day
133,Washington's Birthday
134,Whit Monday
135,Autumn Bank Holiday
136,General Prayer Day
137,Jeune Genevois
138,Melbourne Cup Day
139,Public Holiday
140,Public Holiday Observed
141,Restoration Day
142,St. Jean Baptiste Day
143,St. Jean Baptiste Day Observed
144,St. Patrick's Day
145,St. Patrick's Day Observed
146,Summer Bank Holiday
147,Traditional Holiday
148,Traditional Holiday Observed
149,Waitangi Day
150,Wellington Anniversary Day
151,All Saints Day Observed
152,Anniversary of the Death of General San Martin
153,Anniversary of the Death of General San Martin Observed
154,Araw Ng Kagitingan
155,Arbor Day
156,Armed Forces Day
157,Ascension of Muhammad
158,Ash Wednesday
159,Bank Holiday Observed
160,Battle of Carabobo Day
161,Battle of Iquique Day
162,Birthday of His Majesty Yang Di Pertuan Agong
163,Bolivar's Birthday
164,Bonifacio Day
165,Buddha's Birthday
166,Buddhist Lent
167,Buddhist Lent Observed
168,Carnival Tuesday
169,Chakri Day
170,Chakri Day Observed
171,Chiang Kai-Shek's Birthday
172,Chiang Kai-Shek's Birthday Observed
173,Chusok
174,Constitution Day Observed
175,Coronation Day
176,Coronation Day Observed
177,Day of Atonement
178,Day of Atonement Eve
179,Day of Goodwill
180,Day of Our Lady Aparecida
181,Day of the Race
182,Day of the Race Observed
183,Day of the Vow
184,Dragon Boat Festival
185,Dragon Boat Festival Observed
186,Epiphany Observed
187,Eve of Passover
188,Eve of Pentecost
189,Eve of Tabernacles
190,Family Day
191,Fast of Ninth of Ab
192,Feast of Pentecost
193,Feast of Purim
194,Federal Territory Day
195,Federal Territory Day Observed
196,First Day of Muharram
197,First Day of Muharram Observed
198,First Day of Passover
199,First Day of Tabernacles
200,Fiscal Year End
201,Flag Day
202,Flag Day Observed
203,Floor Service Day
204,Foundation Day for Rio de Janeiro
205,Foundation Day for Sao Paulo
206,Founder's Day
207,Hari Raya Qurban
208,Hari Raya Qurban Observed
209,IDF Memorial Day
210,Idul Adha
211,Idul Fitri
212,Immaculate Conception Observed
213,Independence Hero Tiradentes Day
214,Independence Movement Day
215,Jewish New Year
216,Jewish New Year's Eve
217,Juarez's Birthday
218,King Chulalongkorn Memorial Day
219,King Chulalongkorn Memorial Day Observed
220,King's Birthday
221,King's Birthday Observed
222,Kruger Day
223,Last Day of Passover
224,Last Day of Passover Eve
225,Last Day of Tabernacles
226,Last Day of Tabernacles Eve
227,Liberty Day
228,Lisbon Day
229,Lunar New Year's Eve Observed
230,Makha Bucha Day
231,Makha Bucha Day Observed
232,Malvinas Islands Memorial Day
233,Malvinas Islands Memorial Day Observed
234,Mid-Year Holiday
235,Moon Festival Day
236,Moon Festival Day Observed
237,National Day
238,National Day Observed
239,New Year's Holiday
240,Oporto Day
241,Our Lady of Guadalupe Day
242,Portugal Day
243,Presidential Report
244,Presidential Succession Day
245,Proclamation of the Republic
246,Prophet Muhammad's Birthday
247,Prophet Muhammad's Birthday Observed
248,Puebla Battle Day
249,Republic Day
250,Revolution Day
251,Rizal Day
252,Saints Peter and Paul Day
253,Saints Peter and Paul Day Observed
254,Saka New Year
255,Second Day of the Jewish New Year
256,Songkran Festival Day
257,Sun Yat-Sen's Birthday
258,Sun Yat-Sen's Birthday Observed
259,Taiwan Restoration Day
260,Taiwan Restoration Day Observed
261,Teacher's Day
262,Teacher's Day Observed
263,Third Day of Chinese New Year
264,Third Day of Chinese New Year Observed
265,Third Day of Lunar New Year Observed
266,Tomb Sweeping Day
267,Tomb Sweeping Day Observed
268,Visakha Bucha Day
269,Visakha Bucha Day Observed
270,Waisak Day
271,Wesak Day
272,Wesak Day Observed
273,Worker's Day
274,Youth's Day
275,Youth's Day Observed
276,Adelaide Cup Day
277,Brisbane Show Day
278,Fourth Day of Sacrifice Feast
279,Harvest Festival
280,Harvest Festival Observed
281,National Sovereignty and Children's Day
282,Proclamation Day
283,Proclamation Day Observed
284,Ramadan Feast Day
285,Sacrifice Feast Day
286,Second Day of Ramadan Feast
287,Second Day of Sacrifice Feast
288,Shrove Monday
289,Special Holiday
290,Third Day of Ramadan Feast
291,Third Day of Sacrifice Feast
292,Youth & Sports Day
293,Ocean Day
294,Ocean Day Observed
295,Day of Goodwill Observed
296,Day of Reconciliation
297,Day of Reconciliation Observed
298,Freedom Day
299,Freedom Day Observed
300,Heritage Day
301,Heritage Day Observed
302,Human Rights Day
303,Human Rights Day Observed
304,National Women's Day
305,National Women's Day Observed
306,Worker's Day Observed
307,Monday in Lent
308,Discovery Day
309,Discovery Day Observed
310,Emancipation Day
311,Chepo Patron Day
312,Day of Mourning
313,First Cry of Independence Day
314,First Cry of Independence Day Observed
315,Foundation of Chame District Day
316,Foundation of Chorra and Arraljan Districts Day
317,Foundation of Panama City Day
318,Foundation of San Miguelito District
319,Independence from Columbia Day
320,Independence from Columbia Day Observed
321,Independence from Spain Day
322,Independence from Spain Day Observed
323,Mothers Day
324,Mothers Day Observed
325,San Carlos Patron Day
326,Combate de Angamos
327,Peruvian Day
328,St. Rose's Day
329,Auckland Anniversary Day
330,Eid Al Fiter Holiday Period
331,Eid Al Adha Holiday Period
332,Al Hijrah New Year Holiday Period
333,Prophet Muhammad's Birthday Holiday Period
334,Ascension of Muhammad Holiday Period
335,Ashoora Holiday Period
336,Accession of HH Sheikh Zayed
337,Accession of HH Sheikh Zayed Observed
338,Day of Cyril and Metodej
339,Jan Hus Day
340,Reformation Day
341,SAR Establishment Day
342,SAR Establishment Day Observed
343,Sino-Japanese War Victory Day
344,Establishment Day
345,Slovak National Uprising Day
346,Mary of Sorrows Day
347,Errol Barrow Day
348,Errol Barrow Day Observed
349,Kadooment Day
350,United Nations Day
351,Education Day
352,Orthodox Christmas Day
353,Day after Orthodox Christmas Day
354,Women's Day
355,Prayer Day
356,Nau-Ruz
357,Language Day
358,Spring Day
359,St. John's Day
360,Day of Slovenian Culture
361,Day after Labour Day
362,Slovenian Sovereignty Day
363,Statehood Day
364,Day of Antifascist Struggle
365,Day of National Gratitude
366,Orthodox Easter Monday
367,Kazakstan People Unity Day
368,New Year's Holiday Observed
369,Orthodox Christmas Day Observed
370,Day after Labour Day Observed
371,Liberation Day Observed
372,Restoration of Independence Day
373,Pichincha War Day
374,Quito's Independence Day
375,Guayaquil's Independence Day
376,Cuenca's Independence Day
377,Foundation Day
378,Bermuda Day
379,Bermuda Day Observed
380,Somers Day
381,Cup Match Day
382,Great October Revolution Day
383,Radunitsa
384,Africa Day
385,Heroes Day
386,Defense Forces Day
387,Africa Day Observed
388,Defense Forces Day Observed
389,Greek Independence Day
390,Cyprus National Day
391,Cyprus Independence Day
392,Greek National Day
393,Orthodox Easter Tuesday
394,Orthodox Good Friday
395,Sts. Peter and Paul Day
396,Sacred Heart of Jesus
397,Independence of Cartagena
398,Ascension Day Observed
399,Corpus Christi Observed
400,Labor Day Observed
401,Day before Labor Day
402,Day before Labor Day Observed
403,State Holiday
404,Spring Day Observed
405,Victory Day Observed
406,Women's Day Observed
407,Curacao Flag Day
408,Day after Labor Day
409,Day after Labor Day Observed
410,Day after Great October Revolution Day
411,Great October Revolution Day Observed
412,Day after Great October Revolution Day Observed
413,Guanacaste Annexation Day
414,Lady of the Angels Day
415,Election Day
416,Our Lady of Mercedes Day
417,Duarte's Day
418,Our Lady of Altagracia Day
419,Emancipation Day Observed
420,Agostinas Holiday
421,Eugenio Maria de Hostos Day
422,Holy Wednesday
423,Jose Celso Barbosa Day
424,Jose Celso Barbosa Day Observed
425,Jose de Diego Day
426,Luis Munoz Rivera Day
427,Day of National Revival
428,Day of National Rescue
429,Gurban Bayram
430,Ramazan Bayram
431,Solidarity Day
432,Christening Day
433,Mariamoba
434,St. George's Day
435,Svetitskhovloba
436,Pioneer Day
437,Pioneer Day Observed
438,Patriot's Day
439,Alaska Day
440,Alaska Day Observed
441,Seward's Day
442,Nevada Day
443,Nevada Day Observed
444,Botswana Day
445,Candlemas
446,First Day of Summer
447,Local Holiday
448,Local Holiday Observed
449,Nativity Day
450,Peace with Bolivia Day
451,President's Day
452,Shrove Tuesday
453,Sir Seretse Khama Day
454,Victory of Boqueron Battle
455,Unity Day
456,Unity Day Observed
457,Anniversary of the Death of Quaid-e-Azam
458,Birthday of Quaid-e-Azam
459,Defense Day
460,Great Arab Revolt and Army Day
461,Iqbal Day
462,King Hussein's Accession to the Throne
463,King Hussein's Birthday
464,Martyr's Day
465,Maulid Al-Nabi
466,Muharram Holiday Period
467,Orthodox Easter Day
468,Pakistan Day
469,Ramadan Bank Holiday
470,St. Maron's Day
471,Antilles Day
472,Chinese New Year Holiday Period
473,Municipal Day
474,Sham El Nessim
475,Courban Bairam Holiday Period
476,Sinai Liberation Day
477,Mawled El Nabi Holiday Period
478,Ramadan Bairam Holiday Period
479,Otago Anniversary Day
480,St. Paul's Day
481,Sette Giugno
482,Morazan's Day
483,Morazan's Day Observed
484,American's Day
485,American's Day Observed
486,Armed Forces Day Observed
487,Anniversary Day
488,Arrival Day
489,Arrival Day Observed
490,Canberra Day
491,St. Nicholas' Day
492,Revolution Day Observed
493,Bank Employees' Day
494,Bank Employees' Day Observed
495,Farmers' Day
496,Inauguration Day
497,Landing of the 33 Orientals
498,Las Piedras Battle Day
499,Artigas Day
500,Darwin Show Day
501,Picnic Day
502,Hobart Regatta Day
503,Eight Hours Day
504,Hobart Show Day
505,Independence Manifesto Day
506,Throne Day
507,Oued Ed-Dahab Day
508,Green March Day
509,Madaraka Day
510,Madaraka Day Observed
511,Moi Day
512,Moi Day Observed
513,Kenyatta Day
514,Kenyatta Day Observed
515,Fiesta of Santo Domingo
516,Buddha's Birthday Observed
517,Heroes Day Observed
518,Family Day Observed
519,Maputo Day
520,Maputo Day Observed
521,Second Day Before Lunar New Year
522,Third Day Before Lunar New Year
523,Sir Seretse Khama Day Observed
524,Botswana Day Observed
525,Customs Chief Day
526,Customs Chief Day Observed
527,Fiji Day
528,Ratu Sir Lala Sukuna Day
529,Canterbury Anniversary Day
530,Our Lady of Meritxell Day
531,St. Charles' Day
532,War Day
533,Easter Day
534,Nevruz Day
535,Nevruz Day Observed
536,Serbia National Day
537,People's Uprising Day
538,Fighters Day
539,Easter Saturday
540,Eid Al Mawlid Holiday Period
541,Moshoeshoe's Day
542,Abdullah's Birthday
543,Abdullah's Birthday Observed
544,Throne Day Observed
545,Sultan's Birthday
546,Sultan's Birthday Observed
547,Quran Anniversary Day Holiday Period
548,First Day of Ramadan Holiday Period
549,Kashmir Day
550,Petroleum Day
551,Nature Day
552,Demise of Imam Khomaini
553,Khordad Uprising Day
554,Republic Day Observed
555,Phagwah
556,Phagwah Observed
557,Caribbean Day
558,Martyrdom of Imam Ali Holiday Period
559,Martyrdom of Imam Sadeq Holiday Period
560,Eid Al Ghadir Holiday Period
561,Arbain Holiday Period
562,Demise of Prophet Muhammad Holiday Period
563,Imam Ali's Birthday Holiday Period
564,Birthday of the 12th Imam Holiday Period
565,Martyrdom of Fatima Holiday Period
566,Yugadi
567,Mahashivratri
568,Ganesh Chaturthi
569,Thai Poosam
570,Spring Festival
571,Shahid Day
572,Rahman's Birthday
573,Jumat Ul Wida
574,Shab Qadr Holiday Period
575,Buddha Purnima
576,Janmastami
577,Shab Barat Holiday Period
578,Raksha Bandhan
579,Gaijatra
580,Indra Jatra
581,Ghatasthapana
582,Mahastami
583,Fagu Purnima
584,Vasant Panchami
585,Laxmi Puja
586,Ram Navami
587,Day of Mourning Observed
588,Foundation of Panama City Day Observed
589,Declaration Day
590,Declaration Day Observed
591,Durga Puja
592,Gandhi Jayanti
593,Dr. Ambedkar Jayanti
594,Gudi Padwa
595,Guru Nanak's Birthday
596,Mahavir Jayanti
597,Diwali New Year's Day
598,Netaji's Birthday
599,Full Moon Poya Day
600,Pongal
601,Tamil New Year
602,Tamil New Year's Eve
603,Ghode Jatra
604,Chaitra Dashain
605,Nepalese New Year's Day
606,Fullpati
607,Mahanavami
608,Navami
609,Vijaya Dashami
610,Ekadashi
611,Dwadashi
612,Trayodashi
613,Kojograt Purnima
614,Gai Tihar
615,Govardhan Puja
616,Bahj Teeka
617,Day after Vesak Day
618,Dussehra
619,Parsi New Year
620,Surya Grahan
621,Shivaji Jayanti
622,Holi
623,Muharram
624,Half Yearly Bank Closing
625,Yearly Bank Closing
626,Central Bank Year-End Closing
627,Central Bank Half Yearly Closing
628,Bengali New Year's Day
629,St. Vincent's Day
630,St. Ignatius' Day
631,Our Lady of Mercy
632,Bilbao Day
633,Catalonia Day
634,Valencia Day
635,City Holiday
636,Memorial Day Observed
637,Day before Radunitsa
638,Valencia Festival
639,Zumbi dos Palmares' Day
640,Betico Day
641,Union Day
642,Saba-Saba Day
643,Tynwald Day
644,Tynwald Day Observed
645,Baron Bliss Day
646,Commonwealth Day
647,Garifuna Settlement Day
648,Garifuna Settlement Day Observed
649,Chilembwe Day
650,Chilembwe Day Observed
651,Martyr's Day Observed
652,Cassinga Day
653,Cassinga Day Observed
654,Orangemen's Day
655,Orangemen's Day Observed
656,St. Maria de la Cabeza
657,Nau-Ruz Observed
658,Kazakstan People Unity Day Observed
659,Settlement Holiday
660,Neutrality Day
661,Mwalimu Nyerere Day
662,St. Andrew's Day
663,Clocks advance
664,Clocks go back
665,Waitangi Day Observed
666,Crown Prince's Birthday
667,King Tupou 1 Day
668,Righting Day
669,Dia do Evangelico
670,Decoration Day
671,J.J. Roberts' Birthday
672,J.J. Roberts' Birthday Observed
673,United Nations Day Observed
674,William V.S. Tubman's Birthday
675,William V.S. Tubman's Birthday Observed
676,Festival Day
677,St. Ursula's Day
678,Territory Day
679,H.L. Stoutt's Birthday
680,Democracy Day
681,Rwagasore Day
682,Uprising Day
683,Uprising Day Observed
684,Battle Day
685,Battle Day Observed
686,Meskel
687,The Downfall of Derge
688,Nunavut Day
689,Nunavut Day Observed
690,Tsagaan Sar
691,Fisherman's Day
692,Manit Day
693,Gospel Day
694,Gospel Day Observed
695,Commemoration Day
696,Winter Solstice
697,Traditional Day of Offering
698,Zhabdrung Kuchoe
699,Birth Anniversary of Third King
700,Lord Buddha's Parinirvana
701,Birth Anniversary of Guru Rimpoche
702,First Sermon of Lord Buddha
703,Death Anniversary Day
704,Thimphu Drubchen
705,Blessed Rainy Day
706,Thimphu Tsechu
707,Dashain
708,Descending Day of Lord Buddha
709,Meeting of Nine Evils
710,After Hours Closed
711,No PM Fix
712,Weekend
713,Day of Peace
714,Nonpublication Day
715,Ninoy Aquino Day
716,Dashain Holiday Period
717,Tihar Holiday Period
718,Allotment Day
719,Announcement Day
720,Settlement Day
721,Conference Day
722,Meeting Day
723,Easter Tuesday
724,Showa Day
725,Showa Day Observed
726,Full Moon Day
727,Peasant Day
728,Royal Plowing Day
729,King's Mother Birthday
730,King's Father Birthday
731,Water Festival
732,Pchum Ben Day
733,Renaissance Day
734,International Day
735,Day of the Virgin
736,All Souls Friday
737,St. Climent Day
738,King's Anniversary
739,Kamuzu Day
740,Peace Day
741,Early Close Day
742,Chad Parba
743,Tamu Lhochar
744,Maghi Parba
745,Sonam Lhosar
746,Louis Riel Day
747,Reed Dance
748,Somhlolo Day
749,Incwala Day
750,San Fernando Day
751,Andalucia Day
752,Non-Session Day
753,Day of the Church
754,Kingdom Day
755,Europe Day
756,Annunciation
757,Shipment Date
758,Non-Fixing Day
759,Auction Day
760,Maroon Day
761,Effective Date
762,Mahalaya
763,Thiruvalluvar Day
764,Uzhavar Thirunal
765,Krishna Jayanti
766,Ayutha Pooja
767,Makar Sankranti
768,Basaveshwar Jayanti
769,Kanakadas Jayanti
770,Naraka Chaturdashi
771,Kannada Rajyothsava
772,Publication Day
773,Ariki Day
774,Parents Day
775,Evacuation Day
776,Balipratipada
777,Start Date
778,Islam Day
779,Parliament Day
780,Triple Witching Day
781,Fourth Day of Lunar New Year
782,Emperor's Day
783,Lincoln's Birthday
784,Notification Day
785,Reconstitution Day
786,Rebalancing Day
787,Futures Close Out Day
788,Big SQ Day
789,Little SQ Day
790,Fathers Day
791,Majority Rule Day
792,Lunar New Year
793,Due Date
794,Exchange Receipt Date
795,Net Balance Order
796,Speech
797,Testimony
798,Last Trading Day
799,Speech and Testimony
800,Magal de Touba
801,Mountain Day
802,Reconciliation Day
803,FOMC Voting Member Public Appearance
804,FOMC Non-Voting Member Public Appearance
805,St. Peter's Day
806,Saint's Day
807,Lotu Tamaiti
808,Commencement Day
809,Scheduled Early Close at 1pm
810,Provisional Announcement
811,Final Announcement
812,Advance Report
813,Full Report
814,Martyrdom of Imam Hassan Askari Holiday Period
815,Literature Day
816,Revised Announcement
817,Tender Day
818,Syndication Day
819,Divinity Day
820,Abolition Day
821,ORI Day
822,Own Quota Day
823,Unannounced Event
824,Preannounced Event
825,Juneteenth
826,Matariki
827,Indigenous People Day
828,St. Brigid's Day
829,Death Anniversary Day Observed
830,Off-Peak Day
831,Press Conference
832,Implementation Date
833,Day after Thanksgiving
834,Parshuram Jayanti
835,Shaheed Udham Singh Martyrdom
836,Haryana War Heroes Martyrdom
837,Maharaja Agrasen Jayanti
838,Guru Ravidas Jayanti
839,Maharishi Valmiki Jayanti
